n,O_1,O_logn,O_n,O_nlogn,O_n2,O_2n,O_n3,O_nfact
1,1.0,0.0,1.0,0.0,1.0,2.0,1.0,1.0
2,1.0,1.0,2.0,2.0,4.0,4.0,8.0,2.0
3,1.0,1.584962500721156,3.0,4.754887502163468,9.0,8.0,27.0,6.0
4,1.0,2.0,4.0,8.0,16.0,16.0,64.0,24.0
5,1.0,2.321928094887362,5.0,11.60964047443681,25.0,32.0,125.0,120.0
6,1.0,2.584962500721156,6.0,15.509775004326936,36.0,64.0,216.0,720.0
7,1.0,2.807354922057604,7.0,19.651484454403228,49.0,128.0,343.0,5040.0
8,1.0,3.0,8.0,24.0,64.0,256.0,512.0,40320.0
9,1.0,3.169925001442312,9.0,28.52932501298081,81.0,512.0,729.0,362880.0
10,1.0,3.321928094887362,10.0,33.219280948873624,100.0,1024.0,1000.0,3628800.0
11,1.0,3.4594316186372973,11.0,38.05374780501027,121.0,2048.0,1331.0,39916800.0
12,1.0,3.584962500721156,12.0,43.01955000865387,144.0,4096.0,1728.0,479001600.0
13,1.0,3.700439718141092,13.0,48.105716335834195,169.0,8192.0,2197.0,6227020800.0
14,1.0,3.807354922057604,14.0,53.302968908806456,196.0,16384.0,2744.0,87178291200.0
15,1.0,3.9068905956085187,15.0,58.60335893412778,225.0,32768.0,3375.0,1307674368000.0
16,1.0,4.0,16.0,64.0,256.0,65536.0,4096.0,20922789888000.0
17,1.0,4.087462841250339,17.0,69.48686830125577,289.0,131072.0,4913.0,355687428096000.0
18,1.0,4.169925001442312,18.0,75.05865002596161,324.0,262144.0,5832.0,6402373705728000.0
19,1.0,4.247927513443585,19.0,80.71062275542812,361.0,524288.0,6859.0,1.21645100408832e+17
20,1.0,4.321928094887363,20.0,86.43856189774725,400.0,1048576.0,8000.0,2.43290200817664e+18
21,1.0,4.392317422778761,21.0,92.23866587835397,441.0,2097152.0,9261.0,inf
22,1.0,4.459431618637297,22.0,98.10749561002054,484.0,4194304.0,10648.0,inf
23,1.0,4.523561956057013,23.0,104.0419249893113,529.0,8388608.0,12167.0,inf
24,1.0,4.584962500721156,24.0,110.03910001730775,576.0,16777216.0,13824.0,inf
25,1.0,4.643856189774724,25.0,116.09640474436812,625.0,33554432.0,15625.0,inf
26,1.0,4.700439718141092,26.0,122.21143267166839,676.0,67108864.0,17576.0,inf
27,1.0,4.754887502163468,27.0,128.38196255841365,729.0,134217728.0,19683.0,inf
28,1.0,4.807354922057604,28.0,134.6059378176129,784.0,268435456.0,21952.0,inf
29,1.0,4.857980995127572,29.0,140.88144885869957,841.0,536870912.0,24389.0,inf
30,1.0,4.906890595608519,30.0,147.20671786825557,900.0,1073741824.0,27000.0,inf
31,1.0,4.954196310386875,31.0,153.58008562199313,961.0,2147483648.0,29791.0,inf
32,1.0,5.0,32.0,160.0,1024.0,4294967296.0,32768.0,inf
33,1.0,5.044394119358453,33.0,166.46500593882897,1089.0,8589934592.0,35937.0,inf
34,1.0,5.087462841250339,34.0,172.97373660251154,1156.0,17179869184.0,39304.0,inf
35,1.0,5.129283016944966,35.0,179.5249055930738,1225.0,34359738368.0,42875.0,inf
36,1.0,5.169925001442312,36.0,186.11730005192322,1296.0,68719476736.0,46656.0,inf
37,1.0,5.20945336562895,37.0,192.74977452827116,1369.0,137438953472.0,50653.0,inf
38,1.0,5.247927513443585,38.0,199.42124551085624,1444.0,274877906944.0,54872.0,inf
39,1.0,5.285402218862249,39.0,206.1306865356277,1521.0,549755813888.0,59319.0,inf
40,1.0,5.321928094887363,40.0,212.8771237954945,1600.0,1099511627776.0,64000.0,inf
41,1.0,5.357552004618084,41.0,219.65963218934144,1681.0,inf,68921.0,inf
42,1.0,5.392317422778761,42.0,226.47733175670794,1764.0,inf,74088.0,inf
43,1.0,5.426264754702098,43.0,233.3293844521902,1849.0,inf,79507.0,inf
44,1.0,5.459431618637297,44.0,240.21499122004107,1936.0,inf,85184.0,inf
45,1.0,5.491853096329675,45.0,247.13338933483536,2025.0,inf,91125.0,inf
46,1.0,5.523561956057013,46.0,254.0838499786226,2116.0,inf,97336.0,inf
47,1.0,5.554588851677638,47.0,261.06567602884894,2209.0,inf,103823.0,inf
48,1.0,5.584962500721156,48.0,268.0782000346155,2304.0,inf,110592.0,inf
49,1.0,5.614709844115208,49.0,275.1207823616452,2401.0,inf,117649.0,inf
50,1.0,5.643856189774724,50.0,282.1928094887362,2500.0,inf,125000.0,inf
51,1.0,5.672425341971495,51.0,289.29369244054624,2601.0,inf,132651.0,inf
52,1.0,5.700439718141092,52.0,296.42286534333675,2704.0,inf,140608.0,inf
53,1.0,5.727920454563199,53.0,303.57978409184955,2809.0,inf,148877.0,inf
54,1.0,5.754887502163468,54.0,310.7639251168273,2916.0,inf,157464.0,inf
55,1.0,5.78135971352466,55.0,317.9747842438563,3025.0,inf,166375.0,inf
56,1.0,5.807354922057604,56.0,325.2118756352258,3136.0,inf,175616.0,inf
57,1.0,5.832890014164741,57.0,332.47473080739024,3249.0,inf,185193.0,inf
58,1.0,5.857980995127572,58.0,339.76289771739914,3364.0,inf,195112.0,inf
59,1.0,5.882643049361842,59.0,347.07593991234864,3481.0,inf,205379.0,inf
60,1.0,5.906890595608519,60.0,354.41343573651113,3600.0,inf,216000.0,inf
61,1.0,5.930737337562887,61.0,361.7749775913361,3721.0,inf,226981.0,inf
62,1.0,5.954196310386875,62.0,369.16017124398627,3844.0,inf,238328.0,inf
63,1.0,5.977279923499917,63.0,376.56863518049477,3969.0,inf,250047.0,inf
64,1.0,6.0,64.0,384.0,4096.0,inf,262144.0,inf
