n,O_1,O_logn,O_n,O_n2
1,1.0,0.0,1.0,1.0
2,1.0,1.0,2.0,4.0
3,1.0,1.584962500721156,3.0,9.0
4,1.0,2.0,4.0,16.0
5,1.0,2.321928094887362,5.0,25.0
6,1.0,2.584962500721156,6.0,36.0
7,1.0,2.807354922057604,7.0,49.0
8,1.0,3.0,8.0,64.0
9,1.0,3.169925001442312,9.0,81.0
10,1.0,3.321928094887362,10.0,100.0
11,1.0,3.4594316186372973,11.0,121.0
12,1.0,3.584962500721156,12.0,144.0
13,1.0,3.700439718141092,13.0,169.0
14,1.0,3.807354922057604,14.0,196.0
15,1.0,3.9068905956085187,15.0,225.0
16,1.0,4.0,16.0,256.0
17,1.0,4.087462841250339,17.0,289.0
18,1.0,4.169925001442312,18.0,324.0
19,1.0,4.247927513443585,19.0,361.0
20,1.0,4.321928094887363,20.0,400.0
21,1.0,4.392317422778761,21.0,441.0
22,1.0,4.459431618637297,22.0,484.0
23,1.0,4.523561956057013,23.0,529.0
24,1.0,4.584962500721156,24.0,576.0
25,1.0,4.643856189774724,25.0,625.0
26,1.0,4.700439718141092,26.0,676.0
27,1.0,4.754887502163468,27.0,729.0
28,1.0,4.807354922057604,28.0,784.0
29,1.0,4.857980995127572,29.0,841.0
30,1.0,4.906890595608519,30.0,900.0
31,1.0,4.954196310386875,31.0,961.0
32,1.0,5.0,32.0,1024.0
